-- MySQL dump 10.13  Distrib 8.0.38, for Win64 (x86_64)
--
-- Host: mysql-351b40c-demo-bao-bui.e.aivencloud.com    Database: defaultdb
-- ------------------------------------------------------
-- Server version	8.0.30

/*!40101 SET @OLD_CHARACTER_SET_CLIENT=@@CHARACTER_SET_CLIENT */;
/*!40101 SET @OLD_CHARACTER_SET_RESULTS=@@CHARACTER_SET_RESULTS */;
/*!40101 SET @OLD_COLLATION_CONNECTION=@@COLLATION_CONNECTION */;
/*!50503 SET NAMES utf8 */;
/*!40103 SET @OLD_TIME_ZONE=@@TIME_ZONE */;
/*!40103 SET TIME_ZONE='+00:00' */;
/*!40014 SET @OLD_UNIQUE_CHECKS=@@UNIQUE_CHECKS, UNIQUE_CHECKS=0 */;
/*!40014 SET @OLD_FOREIGN_KEY_CHECKS=@@FOREIGN_KEY_CHECKS, FOREIGN_KEY_CHECKS=0 */;
/*!40101 SET @OLD_SQL_MODE=@@SQL_MODE, SQL_MODE='NO_AUTO_VALUE_ON_ZERO' */;
/*!40111 SET @OLD_SQL_NOTES=@@SQL_NOTES, SQL_NOTES=0 */;
SET @MYSQLDUMP_TEMP_LOG_BIN = @@SESSION.SQL_LOG_BIN;
SET @@SESSION.SQL_LOG_BIN= 0;

--
-- GTID state at the beginning of the backup 
--

SET @@GLOBAL.GTID_PURGED=/*!80000 '+'*/ '813cad16-6cef-11ef-a3c2-0a61caa0aa59:1-117';

--
-- Dumping data for table `answers`
--

LOCK TABLES `answers` WRITE;
/*!40000 ALTER TABLE `answers` DISABLE KEYS */;
INSERT INTO `answers` VALUES (1,'Rất hài lòng','2024-09-22 10:02:50',NULL,NULL,1),(2,'Hài lòng','2024-09-22 10:02:50',NULL,NULL,1),(3,'Không hài lòng','2024-09-22 10:02:50',NULL,NULL,1),(4,'Rất không hài lòng','2024-09-22 10:02:50',NULL,NULL,1),(5,'Có, rất nhiều vấn đề','2024-09-22 10:02:50',NULL,NULL,2),(6,'Có, nhưng không nghiêm trọng','2024-09-22 10:02:50',NULL,NULL,2),(7,'Không có vấn đề nào','2024-09-22 10:02:50',NULL,NULL,2),(8,'Không biết','2024-09-22 10:02:50',NULL,NULL,2),(9,'Rất hài lòng với sự hỗ trợ','2024-09-22 10:02:50',NULL,NULL,3),(10,'Hài lòng với sự hỗ trợ','2024-09-22 10:02:50',NULL,NULL,3),(11,'Không hài lòng với sự hỗ trợ','2024-09-22 10:02:50',NULL,NULL,3),(12,'Rất không hài lòng với sự hỗ trợ','2024-09-22 10:02:50',NULL,NULL,3),(13,'Có, rất nhiều khó khăn','2024-09-22 10:02:50',NULL,NULL,4),(14,'Có, nhưng không nhiều','2024-09-22 10:02:50',NULL,NULL,4),(15,'Không có khó khăn nào','2024-09-22 10:02:50',NULL,NULL,4),(16,'Không biết','2024-09-22 10:02:50',NULL,NULL,4),(17,'Có nhiều ý kiến đóng góp','2024-09-22 10:02:50',NULL,NULL,5),(18,'Không có ý kiến đóng góp','2024-09-22 10:02:50',NULL,NULL,5),(19,'Chỉ có một vài ý kiến','2024-09-22 10:02:50',NULL,NULL,5),(20,'Không biết','2024-09-22 10:02:50',NULL,NULL,5),(21,'Rất an toàn','2024-09-22 10:02:50',NULL,NULL,6),(22,'An toàn','2024-09-22 10:02:50',NULL,NULL,6),(23,'Không an toàn','2024-09-22 10:02:50',NULL,NULL,6),(24,'Rất không an toàn','2024-09-22 10:02:50',NULL,NULL,6),(25,'Có, nước có mùi','2024-09-22 10:02:50',NULL,NULL,7),(26,'Có, nhưng không nghiêm trọng','2024-09-22 10:02:50',NULL,NULL,7),(27,'Không có vấn đề gì','2024-09-22 10:02:50',NULL,NULL,7),(28,'Không biết','2024-09-22 10:02:50',NULL,NULL,7),(29,'Hài lòng','2024-09-22 10:02:50',NULL,NULL,8),(30,'Không hài lòng','2024-09-22 10:02:50',NULL,NULL,8),(31,'Rất hài lòng','2024-09-22 10:02:50',NULL,NULL,8),(32,'Rất không hài lòng','2024-09-22 10:02:50',NULL,NULL,8),(33,'Có, tôi muốn có thêm dịch vụ','2024-09-22 10:02:50',NULL,NULL,9),(34,'Không có dịch vụ nào cần thêm','2024-09-22 10:02:50',NULL,NULL,9),(35,'Có, nhưng không cần thiết','2024-09-22 10:02:50',NULL,NULL,9),(36,'Không biết','2024-09-22 10:02:50',NULL,NULL,9),(37,'Có, chỗ đỗ xe rất chật','2024-09-22 10:02:50',NULL,NULL,10),(38,'Có, nhưng có thể cải thiện','2024-09-22 10:02:50',NULL,NULL,10),(39,'Không có vấn đề nào','2024-09-22 10:02:50',NULL,NULL,10),(40,'Không biết','2024-09-22 10:02:50',NULL,NULL,10);
/*!40000 ALTER TABLE `answers` ENABLE KEYS */;
UNLOCK TABLES;

--
-- Dumping data for table `apartments`
--

LOCK TABLES `apartments` WRITE;
/*!40000 ALTER TABLE `apartments` DISABLE KEYS */;
INSERT INTO `apartments` VALUES ('A0101',45.5,'Căn hộ tầng 1, phòng 1, thoáng mát.',1,1,'IN_USE','2024-09-22 10:02:48',NULL,NULL),('A0102',46,'Căn hộ tầng 1, phòng 2, gần thang máy.',1,2,'IN_USE','2024-09-22 10:02:48',NULL,NULL),('A0103',47.2,'Căn hộ tầng 1, phòng 3, đầy đủ nội thất.',1,3,'IN_USE','2024-09-22 10:02:48',NULL,NULL),('A0104',48.1,'Căn hộ tầng 1, phòng 4, view đẹp.',1,4,'IN_USE','2024-09-22 10:02:48',NULL,NULL),('A0201',42.5,'Căn hộ tầng 2, phòng 1, yên tĩnh.',2,1,'IN_USE','2024-09-22 10:02:48',NULL,NULL),('A0202',43.8,'Căn hộ tầng 2, phòng 2, nhiều ánh sáng.',2,2,'IN_USE','2024-09-22 10:02:48',NULL,NULL),('A0203',44,'Căn hộ tầng 2, phòng 3, thiết kế hiện đại.',2,3,'IN_USE','2024-09-22 10:02:48',NULL,NULL),('A0204',45.3,'Căn hộ tầng 2, phòng 4, gần khu vui chơi.',2,4,'IN_USE','2024-09-22 10:02:48',NULL,NULL),('A0301',49.5,'Căn hộ tầng 3, phòng 1, có sân thượng.',3,1,'IN_USE','2024-09-22 10:02:48',NULL,NULL),('A0302',50,'Căn hộ tầng 3, phòng 2, không gian rộng rãi.',3,2,'IN_USE','2024-09-22 10:02:48',NULL,NULL),('A0303',51.5,'Căn hộ tầng 3, phòng 3, có view hướng biển.',3,3,'IN_USE','2024-09-22 10:02:48',NULL,NULL),('A0304',52.3,'Căn hộ tầng 3, phòng 4, không gian thoáng đãng.',3,4,'IN_USE','2024-09-22 10:02:48',NULL,NULL),('A0401',46.7,'Căn hộ tầng 4, phòng 1, gần công viên.',4,1,'IN_USE','2024-09-22 10:02:48',NULL,NULL),('A0402',47.5,'Căn hộ tầng 4, phòng 2, hiện đại và thoải mái.',4,2,'IN_USE','2024-09-22 10:02:48',NULL,NULL),('A0403',48,'Căn hộ tầng 4, phòng 3, view đẹp và yên tĩnh.',4,3,'IN_USE','2024-09-22 10:02:48',NULL,NULL),('A0404',49.9,'Căn hộ tầng 4, phòng 4, không gian ấm cúng.',4,4,'IN_USE','2024-09-22 10:02:48',NULL,NULL),('A0501',50.1,'Căn hộ tầng 5, phòng 1, thiết kế sang trọng.',5,1,'IN_USE','2024-09-22 10:02:48',NULL,NULL),('A0502',51.2,'Căn hộ tầng 5, phòng 2, tiện nghi đầy đủ.',5,2,'IN_USE','2024-09-22 10:02:48',NULL,NULL),('A0503',52.4,'Căn hộ tầng 5, phòng 3, view rộng rãi.',5,3,'IN_USE','2024-09-22 10:02:48',NULL,NULL),('A0504',53.6,'Căn hộ tầng 5, phòng 4, có không gian xanh.',5,4,'IN_USE','2024-09-22 10:02:48',NULL,NULL),('A0601',54,'Căn hộ tầng 6, phòng 1, thiết kế mở.',6,1,'IN_USE','2024-09-22 10:02:48',NULL,NULL),('A0602',55.5,'Căn hộ tầng 6, phòng 2, gần chợ.',6,2,'IN_USE','2024-09-22 10:02:48',NULL,NULL),('A0603',56.3,'Căn hộ tầng 6, phòng 3, không gian yên tĩnh.',6,3,'IN_USE','2024-09-22 10:02:48',NULL,NULL),('A0604',57.1,'Căn hộ tầng 6, phòng 4, tiện nghi hiện đại.',6,4,'IN_USE','2024-09-22 10:02:48',NULL,NULL),('A0701',58,'Căn hộ tầng 7, phòng 1, view đẹp nhất.',7,1,'IN_USE','2024-09-22 10:02:48',NULL,NULL),('A0702',59.4,'Căn hộ tầng 7, phòng 2, ánh sáng tự nhiên.',7,2,'IN_USE','2024-09-22 10:02:48',NULL,NULL),('A0703',60,'Căn hộ tầng 7, phòng 3, có vườn nhỏ.',7,3,'IN_USE','2024-09-22 10:02:48',NULL,NULL),('A0704',61.2,'Căn hộ tầng 7, phòng 4, không gian rộng rãi.',7,4,'IN_USE','2024-09-22 10:02:48',NULL,NULL),('A0801',70,'Căn hộ tầng 8, phòng 1',8,1,'EMPTY','2024-09-22 10:02:48',NULL,NULL),('A0802',75,'Căn hộ tầng 8, phòng 2',8,2,'EMPTY','2024-09-22 10:02:48',NULL,NULL),('A0803',80,'Căn hộ tầng 8, phòng 3',8,3,'EMPTY','2024-09-22 10:02:48',NULL,NULL),('A0804',85,'Căn hộ tầng 8, phòng 4',8,4,'EMPTY','2024-09-22 10:02:48',NULL,NULL),('A0901',70,'Căn hộ tầng 9, phòng 1',9,1,'EMPTY','2024-09-22 10:02:48',NULL,NULL),('A0902',75,'Căn hộ tầng 9, phòng 2',9,2,'EMPTY','2024-09-22 10:02:48',NULL,NULL),('A0903',80,'Căn hộ tầng 9, phòng 3',9,3,'EMPTY','2024-09-22 10:02:48',NULL,NULL),('A0904',85,'Căn hộ tầng 9, phòng 4',9,4,'EMPTY','2024-09-22 10:02:48',NULL,NULL),('A1001',70,'Căn hộ tầng 10, phòng 1',10,1,'EMPTY','2024-09-22 10:02:48',NULL,NULL),('A1002',75,'Căn hộ tầng 10, phòng 2',10,2,'EMPTY','2024-09-22 10:02:48',NULL,NULL),('A1003',80,'Căn hộ tầng 10, phòng 3',10,3,'EMPTY','2024-09-22 10:02:48',NULL,NULL),('A1004',85,'Căn hộ tầng 10, phòng 4',10,4,'EMPTY','2024-09-22 10:02:48',NULL,NULL);
/*!40000 ALTER TABLE `apartments` ENABLE KEYS */;
UNLOCK TABLES;

--
-- Dumping data for table `bill_details`
--

LOCK TABLES `bill_details` WRITE;
/*!40000 ALTER TABLE `bill_details` DISABLE KEYS */;
INSERT INTO `bill_details` VALUES (1,300000,'2024-09-22 10:02:50',NULL,NULL,1,1),(2,150000,'2024-09-22 10:02:50',NULL,NULL,1,2),(3,150000,'2024-09-22 10:02:50',NULL,NULL,1,3),(4,100000,'2024-09-22 10:02:50',NULL,NULL,1,4),(5,300000,'2024-09-22 10:02:50',NULL,NULL,2,1),(6,150000,'2024-09-22 10:02:50',NULL,NULL,2,2),(7,150000,'2024-09-22 10:02:50',NULL,NULL,2,3),(8,1000000,'2024-09-22 10:02:50',NULL,NULL,2,5),(9,300000,'2024-09-22 10:02:50',NULL,NULL,3,1),(10,150000,'2024-09-22 10:02:50',NULL,NULL,3,2),(11,150000,'2024-09-22 10:02:50',NULL,NULL,3,3),(12,300000,'2024-09-22 10:02:50',NULL,NULL,4,1),(13,150000,'2024-09-22 10:02:50',NULL,NULL,4,2),(14,100000,'2024-09-22 10:02:50',NULL,NULL,4,4),(15,300000,'2024-09-22 10:02:50',NULL,NULL,5,1),(16,150000,'2024-09-22 10:02:50',NULL,NULL,5,2),(17,150000,'2024-09-22 10:02:50',NULL,NULL,5,3),(18,300000,'2024-09-22 10:02:50',NULL,NULL,6,1),(19,150000,'2024-09-22 10:02:50',NULL,NULL,6,2),(20,150000,'2024-09-22 10:02:50',NULL,NULL,6,3),(21,1000000,'2024-09-22 10:02:50',NULL,NULL,6,5),(22,300000,'2024-09-22 10:02:50',NULL,NULL,7,1),(23,150000,'2024-09-22 10:02:50',NULL,NULL,7,2),(24,150000,'2024-09-22 10:02:50',NULL,NULL,7,3),(25,100000,'2024-09-22 10:02:50',NULL,NULL,7,4),(26,300000,'2024-09-22 10:02:50',NULL,NULL,8,1),(27,150000,'2024-09-22 10:02:50',NULL,NULL,8,2),(28,150000,'2024-09-22 10:02:50',NULL,NULL,8,3),(29,1000000,'2024-09-22 10:02:50',NULL,NULL,8,5),(30,300000,'2024-09-22 10:02:50',NULL,NULL,9,1),(31,150000,'2024-09-22 10:02:50',NULL,NULL,9,2),(32,150000,'2024-09-22 10:02:50',NULL,NULL,9,3),(33,300000,'2024-09-22 10:02:50',NULL,NULL,10,1),(34,150000,'2024-09-22 10:02:50',NULL,NULL,10,2),(35,150000,'2024-09-22 10:02:50',NULL,NULL,10,3),(36,300000,'2024-09-22 10:02:50',NULL,NULL,11,1),(37,150000,'2024-09-22 10:02:50',NULL,NULL,11,2),(38,100000,'2024-09-22 10:02:50',NULL,NULL,11,4),(39,300000,'2024-09-22 10:02:50',NULL,NULL,12,1),(40,150000,'2024-09-22 10:02:50',NULL,NULL,12,2),(41,1000000,'2024-09-22 10:02:50',NULL,NULL,12,5),(42,300000,'2024-09-22 10:02:50',NULL,NULL,13,1),(43,150000,'2024-09-22 10:02:50',NULL,NULL,13,2),(44,150000,'2024-09-22 10:02:50',NULL,NULL,13,3),(45,100000,'2024-09-22 10:02:50',NULL,NULL,13,4),(46,300000,'2024-09-22 10:02:50',NULL,NULL,14,1),(47,150000,'2024-09-22 10:02:50',NULL,NULL,14,2),(48,1000000,'2024-09-22 10:02:50',NULL,NULL,14,5),(49,300000,'2024-09-22 10:02:50',NULL,NULL,15,1),(50,150000,'2024-09-22 10:02:50',NULL,NULL,15,2),(51,150000,'2024-09-22 10:02:50',NULL,NULL,15,3),(52,300000,'2024-09-22 10:02:50',NULL,NULL,16,1),(53,150000,'2024-09-22 10:02:50',NULL,NULL,16,2),(54,150000,'2024-09-22 10:02:50',NULL,NULL,16,3),(55,300000,'2024-09-22 10:02:50',NULL,NULL,17,1),(56,150000,'2024-09-22 10:02:50',NULL,NULL,17,2),(57,100000,'2024-09-22 10:02:50',NULL,NULL,17,4),(58,300000,'2024-09-22 10:02:50',NULL,NULL,18,1),(59,150000,'2024-09-22 10:02:50',NULL,NULL,18,2),(60,1000000,'2024-09-22 10:02:50',NULL,NULL,18,5),(61,300000,'2024-09-22 10:02:50',NULL,NULL,19,1),(62,150000,'2024-09-22 10:02:50',NULL,NULL,19,2),(63,150000,'2024-09-22 10:02:50',NULL,NULL,19,3),(64,300000,'2024-09-22 10:02:50',NULL,NULL,20,1),(65,150000,'2024-09-22 10:02:50',NULL,NULL,20,2),(66,150000,'2024-09-22 10:02:50',NULL,NULL,20,3),(67,300000,'2024-09-22 10:02:50',NULL,NULL,21,1),(68,150000,'2024-09-22 10:02:50',NULL,NULL,21,2),(69,100000,'2024-09-22 10:02:50',NULL,NULL,21,4),(70,300000,'2024-09-22 10:02:50',NULL,NULL,22,1),(71,150000,'2024-09-22 10:02:50',NULL,NULL,22,2),(72,150000,'2024-09-22 10:02:50',NULL,NULL,22,3),(73,300000,'2024-09-22 10:02:50',NULL,NULL,23,1),(74,150000,'2024-09-22 10:02:50',NULL,NULL,23,2),(75,1000000,'2024-09-22 10:02:50',NULL,NULL,23,5),(76,300000,'2024-09-22 10:02:50',NULL,NULL,24,1),(77,150000,'2024-09-22 10:02:50',NULL,NULL,24,2),(78,150000,'2024-09-22 10:02:50',NULL,NULL,24,3),(79,300000,'2024-09-22 10:02:50',NULL,NULL,25,1),(80,150000,'2024-09-22 10:02:50',NULL,NULL,25,2),(81,150000,'2024-09-22 10:02:50',NULL,NULL,25,3),(82,300000,'2024-09-22 10:02:50',NULL,NULL,26,1),(83,150000,'2024-09-22 10:02:50',NULL,NULL,26,2),(84,100000,'2024-09-22 10:02:50',NULL,NULL,26,4),(85,300000,'2024-09-22 10:02:50',NULL,NULL,27,1),(86,150000,'2024-09-22 10:02:50',NULL,NULL,27,2),(87,150000,'2024-09-22 10:02:50',NULL,NULL,27,3),(88,1000000,'2024-09-22 10:02:50',NULL,NULL,27,5),(89,300000,'2024-09-22 10:02:50',NULL,NULL,28,1),(90,150000,'2024-09-22 10:02:50',NULL,NULL,28,2),(91,150000,'2024-09-22 10:02:50',NULL,NULL,28,3);
/*!40000 ALTER TABLE `bill_details` ENABLE KEYS */;
UNLOCK TABLES;

--
-- Dumping data for table `bills`
--

LOCK TABLES `bills` WRITE;
/*!40000 ALTER TABLE `bills` DISABLE KEYS */;
INSERT INTO `bills` VALUES (1,'2024-08',7200000,50,70,'2024-09-22 10:02:49','UNPAID','2024-09-22 10:02:49',NULL,NULL,1),(2,'2024-08',7300000,55,75,'2024-09-22 10:02:49','UNPAID','2024-09-22 10:02:49',NULL,NULL,2),(3,'2024-08',7400000,60,80,'2024-09-22 10:02:49','UNPAID','2024-09-22 10:02:49',NULL,NULL,3),(4,'2024-08',7500000,65,85,'2024-09-22 10:02:49','UNPAID','2024-09-22 10:02:49',NULL,NULL,4),(5,'2024-08',6100000,40,50,'2024-09-22 10:02:49','UNPAID','2024-09-22 10:02:49',NULL,NULL,5),(6,'2024-08',6200000,45,55,'2024-09-22 10:02:49','UNPAID','2024-09-22 10:02:49',NULL,NULL,6),(7,'2024-08',6300000,48,58,'2024-09-22 10:02:49','UNPAID','2024-09-22 10:02:49',NULL,NULL,7),(8,'2024-08',6400000,50,70,'2024-09-22 10:02:49','UNPAID','2024-09-22 10:02:49',NULL,NULL,8),(9,'2024-08',6500000,55,75,'2024-09-22 10:02:49','UNPAID','2024-09-22 10:02:49',NULL,NULL,9),(10,'2024-08',6600000,60,80,'2024-09-22 10:02:49','UNPAID','2024-09-22 10:02:49',NULL,NULL,10),(11,'2024-08',6700000,65,85,'2024-09-22 10:02:49','UNPAID','2024-09-22 10:02:49',NULL,NULL,11),(12,'2024-08',6800000,70,90,'2024-09-22 10:02:49','UNPAID','2024-09-22 10:02:49',NULL,NULL,12),(13,'2024-08',6900000,75,95,'2024-09-22 10:02:49','UNPAID','2024-09-22 10:02:49',NULL,NULL,13),(14,'2024-08',7000000,80,100,'2024-09-22 10:02:49','UNPAID','2024-09-22 10:02:49',NULL,NULL,14),(15,'2024-08',7100000,85,105,'2024-09-22 10:02:49','UNPAID','2024-09-22 10:02:49',NULL,NULL,15),(16,'2024-08',7200000,90,110,'2024-09-22 10:02:49','UNPAID','2024-09-22 10:02:49',NULL,NULL,16),(17,'2024-08',7300000,95,115,'2024-09-22 10:02:49','UNPAID','2024-09-22 10:02:49',NULL,NULL,17),(18,'2024-08',7400000,100,120,'2024-09-22 10:02:49','UNPAID','2024-09-22 10:02:49',NULL,NULL,18),(19,'2024-08',7500000,105,125,'2024-09-22 10:02:49','UNPAID','2024-09-22 10:02:49',NULL,NULL,19),(20,'2024-08',7600000,110,130,'2024-09-22 10:02:49','UNPAID','2024-09-22 10:02:49',NULL,NULL,20),(21,'2024-08',7700000,115,135,'2024-09-22 10:02:49','UNPAID','2024-09-22 10:02:49',NULL,NULL,21),(22,'2024-08',7800000,120,140,'2024-09-22 10:02:49','UNPAID','2024-09-22 10:02:49',NULL,NULL,22),(23,'2024-08',7900000,125,145,'2024-09-22 10:02:49','UNPAID','2024-09-22 10:02:49',NULL,NULL,23),(24,'2024-08',8000000,130,150,'2024-09-22 10:02:49','UNPAID','2024-09-22 10:02:49',NULL,NULL,24),(25,'2024-08',8100000,135,155,'2024-09-22 10:02:49','UNPAID','2024-09-22 10:02:49',NULL,NULL,25),(26,'2024-08',8200000,140,160,'2024-09-22 10:02:49','UNPAID','2024-09-22 10:02:49',NULL,NULL,26),(27,'2024-08',8300000,145,165,'2024-09-22 10:02:49','UNPAID','2024-09-22 10:02:49',NULL,NULL,27),(28,'2024-08',8400000,150,170,'2024-09-22 10:02:49','UNPAID','2024-09-22 10:02:49',NULL,NULL,28);
/*!40000 ALTER TABLE `bills` ENABLE KEYS */;
UNLOCK TABLES;

--
-- Dumping data for table `items`
--

LOCK TABLES `items` WRITE;
/*!40000 ALTER TABLE `items` DISABLE KEYS */;
/*!40000 ALTER TABLE `items` ENABLE KEYS */;
UNLOCK TABLES;

--
-- Dumping data for table `other_answers`
--

LOCK TABLES `other_answers` WRITE;
/*!40000 ALTER TABLE `other_answers` DISABLE KEYS */;
INSERT INTO `other_answers` VALUES (1,'Cần cải thiện thêm chất lượng phục vụ','2024-09-22 10:02:50',NULL,NULL,1,2),(2,'Cần sửa chữa đường ống nước','2024-09-22 10:02:50',NULL,NULL,2,3),(3,'Cần tăng cường sự phản hồi từ ban quản lý','2024-09-22 10:02:50',NULL,NULL,3,4),(4,'Cần có thêm thời gian để sử dụng các tiện ích','2024-09-22 10:02:50',NULL,NULL,4,5),(5,'Cần tổ chức thêm nhiều hoạt động cộng đồng','2024-09-22 10:02:50',NULL,NULL,5,6),(6,'Cần cải thiện ánh sáng tại các khu vực công cộng','2024-09-22 10:02:50',NULL,NULL,6,7),(7,'Cần cải thiện nguồn nước sinh hoạt','2024-09-22 10:02:50',NULL,NULL,7,8),(8,'Cần giảm giá dịch vụ cho cư dân','2024-09-22 10:02:50',NULL,NULL,8,9),(9,'Cần có thêm bãi đỗ xe','2024-09-22 10:02:50',NULL,NULL,9,10),(10,'Cần tổ chức các cuộc họp để lấy ý kiến cư dân','2024-09-22 10:02:50',NULL,NULL,10,11);
/*!40000 ALTER TABLE `other_answers` ENABLE KEYS */;
UNLOCK TABLES;

--
-- Dumping data for table `questions`
--

LOCK TABLES `questions` WRITE;
/*!40000 ALTER TABLE `questions` DISABLE KEYS */;
INSERT INTO `questions` VALUES (1,'Bạn hài lòng với chất lượng dịch vụ của khu chung cư?','2024-09-22 10:02:50',NULL,NULL,1),(2,'Căn hộ của bạn có vấn đề gì cần sửa chữa không?','2024-09-22 10:02:50',NULL,NULL,1),(3,'Bạn có hài lòng với sự hỗ trợ của ban quản lý không?','2024-09-22 10:02:50',NULL,NULL,2),(4,'Bạn có gặp khó khăn trong việc sử dụng các tiện ích không?','2024-09-22 10:02:50',NULL,NULL,2),(5,'Bạn có đề xuất gì để cải thiện dịch vụ không?','2024-09-22 10:02:50',NULL,NULL,3),(6,'Bạn có cảm thấy an toàn trong khu chung cư không?','2024-09-22 10:02:50',NULL,NULL,3),(7,'Chất lượng nước sinh hoạt có vấn đề gì không?','2024-09-22 10:02:50',NULL,NULL,4),(8,'Bạn có hài lòng với mức phí dịch vụ không?','2024-09-22 10:02:50',NULL,NULL,4),(9,'Thời gian phục vụ của ban quản lý có hợp lý không?','2024-09-22 10:02:50',NULL,NULL,5),(10,'Bạn có gặp vấn đề gì về môi trường sống không?','2024-09-22 10:02:50',NULL,NULL,5),(11,'Bạn có muốn tham gia vào các hoạt động cộng đồng không?','2024-09-22 10:02:50',NULL,NULL,6),(12,'Bạn có hài lòng với hệ thống an ninh không?','2024-09-22 10:02:50',NULL,NULL,6),(13,'Có vấn đề gì bạn muốn phản ánh không?','2024-09-22 10:02:50',NULL,NULL,7),(14,'Bạn có muốn góp ý gì cho ban quản lý không?','2024-09-22 10:02:50',NULL,NULL,7),(15,'Mức độ hài lòng của bạn về việc dọn dẹp khu vực chung?','2024-09-22 10:02:50',NULL,NULL,8),(16,'Bạn có cảm thấy bất tiện về tiếng ồn không?','2024-09-22 10:02:50',NULL,NULL,8),(17,'Có dịch vụ nào bạn muốn khu chung cư cung cấp không?','2024-09-22 10:02:50',NULL,NULL,9),(18,'Bạn có gặp vấn đề gì về chỗ đỗ xe không?','2024-09-22 10:02:50',NULL,NULL,9),(19,'Có đề xuất gì cho việc tổ chức các sự kiện cộng đồng không?','2024-09-22 10:02:50',NULL,NULL,10);
/*!40000 ALTER TABLE `questions` ENABLE KEYS */;
UNLOCK TABLES;

--
-- Dumping data for table `rejection_reasons`
--

LOCK TABLES `rejection_reasons` WRITE;
/*!40000 ALTER TABLE `rejection_reasons` DISABLE KEYS */;
INSERT INTO `rejection_reasons` VALUES (1,'Thông tin không đầy đủ','2024-09-22 10:02:50',NULL,NULL,1),(2,'Không phải là vấn đề của quản lý','2024-09-22 10:02:50',NULL,NULL,2),(3,'Cần thêm chứng cứ xác thực','2024-09-22 10:02:50',NULL,NULL,3),(4,'Vấn đề đã được giải quyết','2024-09-22 10:02:50',NULL,NULL,4),(5,'Thông tin không chính xác','2024-09-22 10:02:50',NULL,NULL,5),(6,'Yêu cầu không phù hợp với quy định','2024-09-22 10:02:50',NULL,NULL,6),(7,'Thời gian báo cáo không hợp lệ','2024-09-22 10:02:50',NULL,NULL,7),(8,'Cần có thêm thông tin','2024-09-22 10:02:50',NULL,NULL,8),(9,'Người báo cáo không phải cư dân','2024-09-22 10:02:50',NULL,NULL,9),(10,'Không có căn cứ để xem xét','2024-09-22 10:02:50',NULL,NULL,10);
/*!40000 ALTER TABLE `rejection_reasons` ENABLE KEYS */;
UNLOCK TABLES;

--
-- Dumping data for table `relationships`
--

LOCK TABLES `relationships` WRITE;
/*!40000 ALTER TABLE `relationships` DISABLE KEYS */;
INSERT INTO `relationships` VALUES (1,'OWNER','2024-09-22 10:02:49',NULL,NULL,1,'A0101'),(2,'OWNER','2024-09-22 10:02:49',NULL,NULL,2,'A0102'),(3,'USER','2024-09-22 10:02:49',NULL,NULL,3,'A0103'),(4,'USER','2024-09-22 10:02:49',NULL,NULL,4,'A0104'),(5,'USER','2024-09-22 10:02:49',NULL,NULL,5,'A0201'),(6,'USER','2024-09-22 10:02:49',NULL,NULL,6,'A0202'),(7,'USER','2024-09-22 10:02:49',NULL,NULL,7,'A0203'),(8,'USER','2024-09-22 10:02:49',NULL,NULL,8,'A0204'),(9,'USER','2024-09-22 10:02:49',NULL,NULL,9,'A0301'),(10,'USER','2024-09-22 10:02:49',NULL,NULL,10,'A0302'),(11,'USER','2024-09-22 10:02:49',NULL,NULL,11,'A0303'),(12,'USER','2024-09-22 10:02:49',NULL,NULL,12,'A0304'),(13,'USER','2024-09-22 10:02:49',NULL,NULL,13,'A0401'),(14,'USER','2024-09-22 10:02:49',NULL,NULL,14,'A0402'),(15,'USER','2024-09-22 10:02:49',NULL,NULL,15,'A0403'),(16,'USER','2024-09-22 10:02:49',NULL,NULL,16,'A0404'),(17,'USER','2024-09-22 10:02:49',NULL,NULL,17,'A0501'),(18,'USER','2024-09-22 10:02:49',NULL,NULL,18,'A0502'),(19,'USER','2024-09-22 10:02:49',NULL,NULL,19,'A0503'),(20,'USER','2024-09-22 10:02:49',NULL,NULL,20,'A0504'),(21,'USER','2024-09-22 10:02:49',NULL,NULL,21,'A0601'),(22,'USER','2024-09-22 10:02:49',NULL,NULL,22,'A0602'),(23,'USER','2024-09-22 10:02:49',NULL,NULL,23,'A0603'),(24,'USER','2024-09-22 10:02:49',NULL,NULL,24,'A0604'),(25,'USER','2024-09-22 10:02:49',NULL,NULL,25,'A0701'),(26,'USER','2024-09-22 10:02:49',NULL,NULL,26,'A0702'),(27,'USER','2024-09-22 10:02:49',NULL,NULL,27,'A0703'),(28,'USER','2024-09-22 10:02:49',NULL,NULL,28,'A0704'),(29,'OWNER','2024-09-22 10:02:49',NULL,NULL,29,'A0103'),(30,'USER','2024-09-22 10:02:49',NULL,NULL,30,'A0104'),(31,'USER','2024-09-22 10:02:49',NULL,NULL,31,'A0201'),(32,'USER','2024-09-22 10:02:49',NULL,NULL,32,'A0202'),(33,'USER','2024-09-22 10:02:49',NULL,NULL,33,'A0301'),(34,'USER','2024-09-22 10:02:49',NULL,NULL,34,'A0302'),(35,'USER','2024-09-22 10:02:49',NULL,NULL,35,'A0401'),(36,'USER','2024-09-22 10:02:49',NULL,NULL,36,'A0402'),(37,'USER','2024-09-22 10:02:49',NULL,NULL,37,'A0501'),(38,'USER','2024-09-22 10:02:49',NULL,NULL,38,'A0502'),(39,'USER','2024-09-22 10:02:49',NULL,NULL,39,'A0601'),(40,'USER','2024-09-22 10:02:49',NULL,NULL,40,'A0602'),(41,'USER','2024-09-22 10:02:49',NULL,NULL,41,'A0701'),(42,'USER','2024-09-22 10:02:49',NULL,NULL,42,'A0702'),(43,'OWNER','2024-09-22 10:02:49',NULL,NULL,43,'A0303'),(44,'USER','2024-09-22 10:02:49',NULL,NULL,44,'A0104'),(45,'USER','2024-09-22 10:02:49',NULL,NULL,45,'A0203'),(46,'USER','2024-09-22 10:02:49',NULL,NULL,46,'A0204'),(47,'USER','2024-09-22 10:02:49',NULL,NULL,47,'A0303'),(48,'USER','2024-09-22 10:02:49',NULL,NULL,48,'A0304'),(49,'USER','2024-09-22 10:02:49',NULL,NULL,49,'A0403'),(50,'USER','2024-09-22 10:02:49',NULL,NULL,50,'A0404'),(51,'OWNER','2024-09-22 10:02:49',NULL,NULL,1,'A0801'),(52,'OWNER','2024-09-22 10:02:49',NULL,NULL,1,'A0802'),(53,'OWNER','2024-09-22 10:02:49',NULL,NULL,1,'A0901'),(54,'OWNER','2024-09-22 10:02:49',NULL,NULL,1,'A0804'),(55,'OWNER','2024-09-22 10:02:49',NULL,NULL,1,'A0902'),(56,'OWNER','2024-09-22 10:02:49',NULL,NULL,1,'A0803'),(57,'OWNER','2024-09-22 10:02:49',NULL,NULL,1,'A0903'),(58,'OWNER','2024-09-22 10:02:49',NULL,NULL,1,'A0904'),(59,'OWNER','2024-09-22 10:02:49',NULL,NULL,1,'A1001'),(60,'OWNER','2024-09-22 10:02:49',NULL,NULL,1,'A1002'),(61,'OWNER','2024-09-22 10:02:49',NULL,NULL,1,'A1003'),(62,'OWNER','2024-09-22 10:02:49',NULL,NULL,1,'A1004');
/*!40000 ALTER TABLE `relationships` ENABLE KEYS */;
UNLOCK TABLES;

--
-- Dumping data for table `reports`
--

LOCK TABLES `reports` WRITE;
/*!40000 ALTER TABLE `reports` DISABLE KEYS */;
INSERT INTO `reports` VALUES (1,'Báo cáo sự cố điện nước trong căn hộ.','Sự cố điện nước','PENDING','2024-09-22 10:02:49',NULL,NULL,2),(2,'Phản ánh về tình trạng vệ sinh trong khu vực.','Vệ sinh kém','PENDING','2024-09-22 10:02:49',NULL,NULL,3),(3,'Yêu cầu sửa chữa điều hòa không hoạt động.','Sửa chữa điều hòa','IN_PROGRESS','2024-09-22 10:02:49',NULL,NULL,4),(4,'Phản ánh về tiếng ồn từ căn hộ bên cạnh.','Tiếng ồn','RESOLVED','2024-09-22 10:02:49',NULL,NULL,5),(5,'Đề nghị lắp đặt thêm camera an ninh.','Camera an ninh','PENDING','2024-09-22 10:02:49',NULL,NULL,6),(6,'Báo cáo mất nước đột ngột.','Mất nước','PENDING','2024-09-22 10:02:49',NULL,NULL,7),(7,'Phản ánh về việc để xe không đúng quy định.','Đỗ xe sai quy định','REJECTED','2024-09-22 10:02:49',NULL,NULL,8),(8,'Yêu cầu kiểm tra tình trạng thang máy.','Thang máy','PENDING','2024-09-22 10:02:49',NULL,NULL,9),(9,'Báo cáo việc tràn nước từ căn hộ trên.','Tràn nước','IN_PROGRESS','2024-09-22 10:02:49',NULL,NULL,10),(10,'Đề nghị tổ chức một cuộc họp cư dân.','Cuộc họp cư dân','PENDING','2024-09-22 10:02:49',NULL,NULL,11),(11,'Báo cáo sự cố mất điện kéo dài.','Mất điện','RESOLVED','2024-09-22 10:02:49',NULL,NULL,12),(12,'Phản ánh về tình trạng rác thải.','Rác thải','PENDING','2024-09-22 10:02:49',NULL,NULL,13),(13,'Yêu cầu bảo trì các thiết bị thể dục ngoài trời.','Bảo trì thiết bị','PENDING','2024-09-22 10:02:49',NULL,NULL,14),(14,'Báo cáo việc ngập nước khi trời mưa.','Ngập nước','RESOLVED','2024-09-22 10:02:49',NULL,NULL,15),(15,'Phản ánh về chất lượng nước sinh hoạt.','Chất lượng nước','REJECTED','2024-09-22 10:02:49',NULL,NULL,16),(16,'Yêu cầu hỗ trợ về an ninh khu vực.','An ninh','PENDING','2024-09-22 10:02:49',NULL,NULL,17),(17,'Báo cáo sự cố đường ống nước.','Đường ống nước','IN_PROGRESS','2024-09-22 10:02:49',NULL,NULL,18),(18,'Đề nghị nâng cấp hệ thống báo cháy.','Hệ thống báo cháy','PENDING','2024-09-22 10:02:49',NULL,NULL,19),(19,'Phản ánh về dịch vụ dọn dẹp không đạt yêu cầu.','Dịch vụ dọn dẹp','PENDING','2024-09-22 10:02:49',NULL,NULL,20);
/*!40000 ALTER TABLE `reports` ENABLE KEYS */;
UNLOCK TABLES;

--
-- Dumping data for table `services`
--

LOCK TABLES `services` WRITE;
/*!40000 ALTER TABLE `services` DISABLE KEYS */;
INSERT INTO `services` VALUES (1,'Dịch vụ dọn dẹp','Dịch vụ dọn dẹp định kỳ cho căn hộ.',300000,'2024-09-22 10:02:48',NULL,NULL),(2,'Internet','Kết nối Internet tốc độ cao.',150000,'2024-09-22 10:02:48',NULL,NULL),(3,'Bảo trì thiết bị','Bảo trì thiết bị điện tử trong căn hộ.',150000,'2024-09-22 10:02:48',NULL,NULL),(4,'Giặt ủi','Dịch vụ giặt ủi quần áo.',100000,'2024-09-22 10:02:48',NULL,NULL),(5,'Gửi xe','Dịch vụ đỗ xe',1000000,'2024-09-22 10:02:48',NULL,NULL),(6,'Dịch vụ dọn nhà theo yêu cầu','Dọn nhà theo yêu cầu riêng.',200000,'2024-09-22 10:02:48',NULL,NULL);
/*!40000 ALTER TABLE `services` ENABLE KEYS */;
UNLOCK TABLES;

--
-- Dumping data for table `settings`
--

LOCK TABLES `settings` WRITE;
/*!40000 ALTER TABLE `settings` DISABLE KEYS */;
INSERT INTO `settings` VALUES (1,'2024-09','PAYMENT',150000,12000,10,5,10);
/*!40000 ALTER TABLE `settings` ENABLE KEYS */;
UNLOCK TABLES;

--
-- Dumping data for table `surveys`
--

LOCK TABLES `surveys` WRITE;
/*!40000 ALTER TABLE `surveys` DISABLE KEYS */;
INSERT INTO `surveys` VALUES (1,'Khảo sát sự hài lòng','2024-09-01 00:00:00','2024-09-15 00:00:00',10,'2024-09-22 10:02:49',NULL,NULL,1),(2,'Khảo sát nhu cầu dịch vụ','2024-09-05 00:00:00','2024-09-20 00:00:00',8,'2024-09-22 10:02:49',NULL,NULL,1),(3,'Khảo sát về môi trường sống','2024-09-10 00:00:00','2024-09-25 00:00:00',12,'2024-09-22 10:02:49',NULL,NULL,1),(4,'Khảo sát ý kiến phản hồi','2024-09-15 00:00:00','2024-09-30 00:00:00',5,'2024-09-22 10:02:49',NULL,NULL,1),(5,'Khảo sát chất lượng dịch vụ','2024-09-20 00:00:00','2024-10-05 00:00:00',7,'2024-09-22 10:02:49',NULL,NULL,1),(6,'Khảo sát về an ninh','2024-09-25 00:00:00','2024-10-10 00:00:00',9,'2024-09-22 10:02:49',NULL,NULL,1),(7,'Khảo sát tiện ích chung cư','2024-09-30 00:00:00','2024-10-15 00:00:00',6,'2024-09-22 10:02:49',NULL,NULL,1),(8,'Khảo sát phong cách sống','2024-10-01 00:00:00','2024-10-15 00:00:00',11,'2024-09-22 10:02:49',NULL,NULL,1),(9,'Khảo sát dịch vụ vệ sinh','2024-10-05 00:00:00','2024-10-20 00:00:00',4,'2024-09-22 10:02:49',NULL,NULL,1),(10,'Khảo sát về giao thông','2024-10-10 00:00:00','2024-10-25 00:00:00',10,'2024-09-22 10:02:49',NULL,NULL,1);
/*!40000 ALTER TABLE `surveys` ENABLE KEYS */;
UNLOCK TABLES;

--
-- Dumping data for table `user_answers`
--

LOCK TABLES `user_answers` WRITE;
/*!40000 ALTER TABLE `user_answers` DISABLE KEYS */;
INSERT INTO `user_answers` VALUES (1,'2024-09-22 10:02:50',NULL,NULL,1,2),(2,'2024-09-22 10:02:50',NULL,NULL,2,3),(3,'2024-09-22 10:02:50',NULL,NULL,3,4),(4,'2024-09-22 10:02:50',NULL,NULL,1,5),(5,'2024-09-22 10:02:50',NULL,NULL,2,6),(6,'2024-09-22 10:02:50',NULL,NULL,3,7),(7,'2024-09-22 10:02:50',NULL,NULL,1,8),(8,'2024-09-22 10:02:50',NULL,NULL,2,9),(9,'2024-09-22 10:02:50',NULL,NULL,3,10),(10,'2024-09-22 10:02:50',NULL,NULL,1,11);
/*!40000 ALTER TABLE `user_answers` ENABLE KEYS */;
UNLOCK TABLES;

--
-- Dumping data for table `users`
--

LOCK TABLES `users` WRITE;
/*!40000 ALTER TABLE `users` DISABLE KEYS */;
INSERT INTO `users` VALUES (1,'nguyenvana123','12345','https://res.cloudinary.com/dk2d9miul/image/upload/v1725069642/xlvyfkn3aihmm9x1lore.png',1,'nguyenvana123@gmail.com','0901234567','MALE','Nguyễn Văn A','012345678901','ADMIN','1980-05-15 00:00:00',1,'2024-09-22 10:02:48',NULL,NULL),(2,'lethib456','12345','https://res.cloudinary.com/dk2d9miul/image/upload/v1725069642/xlvyfkn3aihmm9x1lore.png',1,'lethib456@gmail.com','0901234568','FEMALE','Lê Thị B','012345678902','RESIDENT','1990-07-12 00:00:00',1,'2024-09-22 10:02:48',NULL,NULL),(3,'tranvanh789','12345','https://res.cloudinary.com/dk2d9miul/image/upload/v1725069642/xlvyfkn3aihmm9x1lore.png',1,'tranvanh789@gmail.com','0901234569','MALE','Trần Văn H','012345678903','RESIDENT','1985-09-23 00:00:00',1,'2024-09-22 10:02:48',NULL,NULL),(4,'phamthic234','12345','https://res.cloudinary.com/dk2d9miul/image/upload/v1725069642/xlvyfkn3aihmm9x1lore.png',1,'phamthic234@gmail.com','0901234570','FEMALE','Phạm Thị C','012345678904','RESIDENT','1995-02-14 00:00:00',1,'2024-09-22 10:02:48',NULL,NULL),(5,'doanvanx345','12345','https://res.cloudinary.com/dk2d9miul/image/upload/v1725069642/xlvyfkn3aihmm9x1lore.png',1,'doanvanx345@gmail.com','0901234571','MALE','Đoàn Văn X','012345678905','RESIDENT','1975-11-01 00:00:00',1,'2024-09-22 10:02:48',NULL,NULL),(6,'dangthid567','12345','https://res.cloudinary.com/dk2d9miul/image/upload/v1725069642/xlvyfkn3aihmm9x1lore.png',1,'dangthid567@gmail.com','0901234572','FEMALE','Đặng Thị D','012345678906','RESIDENT','1989-08-30 00:00:00',1,'2024-09-22 10:02:48',NULL,NULL),(7,'buiquangy678','12345','https://res.cloudinary.com/dk2d9miul/image/upload/v1725069642/xlvyfkn3aihmm9x1lore.png',1,'buiquangy678@gmail.com','0901234573','MALE','Bùi Quang Y','012345678907','RESIDENT','1992-03-17 00:00:00',1,'2024-09-22 10:02:48',NULL,NULL),(8,'ngothik890','12345','https://res.cloudinary.com/dk2d9miul/image/upload/v1725069642/xlvyfkn3aihmm9x1lore.png',1,'ngothik890@gmail.com','0901234574','FEMALE','Ngô Thị K','012345678908','RESIDENT','1986-06-22 00:00:00',1,'2024-09-22 10:02:48',NULL,NULL),(9,'trinhvanm123','12345','https://res.cloudinary.com/dk2d9miul/image/upload/v1725069642/xlvyfkn3aihmm9x1lore.png',1,'trinhvanm123@gmail.com','0901234575','MALE','Trịnh Văn M','012345678909','RESIDENT','1979-12-04 00:00:00',1,'2024-09-22 10:02:48',NULL,NULL),(10,'dothinh234','12345','https://res.cloudinary.com/dk2d9miul/image/upload/v1725069642/xlvyfkn3aihmm9x1lore.png',1,'dothinh234@gmail.com','0901234576','FEMALE','Đỗ Thị N','012345678910','RESIDENT','1997-01-15 00:00:00',1,'2024-09-22 10:02:48',NULL,NULL),(11,'hoangvanh345','12345','https://res.cloudinary.com/dk2d9miul/image/upload/v1725069642/xlvyfkn3aihmm9x1lore.png',1,'hoangvanh345@gmail.com','0901234577','MALE','Hoàng Văn H','012345678911','RESIDENT','1994-05-21 00:00:00',1,'2024-09-22 10:02:48',NULL,NULL),(12,'tranthib567','12345','https://res.cloudinary.com/dk2d9miul/image/upload/v1725069642/xlvyfkn3aihmm9x1lore.png',1,'tranthib567@gmail.com','0901234578','FEMALE','Trần Thị B','012345678912','RESIDENT','1996-10-13 00:00:00',1,'2024-09-22 10:02:48',NULL,NULL),(13,'nguyenminh678','12345','https://res.cloudinary.com/dk2d9miul/image/upload/v1725069642/xlvyfkn3aihmm9x1lore.png',1,'nguyenminh678@gmail.com','0901234579','MALE','Nguyễn Minh C','012345678913','RESIDENT','1987-04-18 00:00:00',1,'2024-09-22 10:02:48',NULL,NULL),(14,'lequang789','12345','https://res.cloudinary.com/dk2d9miul/image/upload/v1725069642/xlvyfkn3aihmm9x1lore.png',1,'lequang789@gmail.com','0901234580','MALE','Lê Quang D','012345678914','RESIDENT','1983-09-27 00:00:00',1,'2024-09-22 10:02:48',NULL,NULL),(15,'phamthik123','12345','https://res.cloudinary.com/dk2d9miul/image/upload/v1725069642/xlvyfkn3aihmm9x1lore.png',1,'phamthik123@gmail.com','0901234581','FEMALE','Phạm Thị K','012345678915','RESIDENT','1992-02-28 00:00:00',1,'2024-09-22 10:02:48',NULL,NULL),(16,'doanthiv678','12345','https://res.cloudinary.com/dk2d9miul/image/upload/v1725069642/xlvyfkn3aihmm9x1lore.png',1,'doanthiv678@gmail.com','0901234582','FEMALE','Đoàn Thị V','012345678916','RESIDENT','1991-07-10 00:00:00',1,'2024-09-22 10:02:48',NULL,NULL),(17,'hoangngan789','12345','https://res.cloudinary.com/dk2d9miul/image/upload/v1725069642/xlvyfkn3aihmm9x1lore.png',1,'hoangngan789@gmail.com','0901234583','MALE','Hoàng Ngân H','012345678917','RESIDENT','1985-08-24 00:00:00',1,'2024-09-22 10:02:48',NULL,NULL),(18,'phamvanl890','12345','https://res.cloudinary.com/dk2d9miul/image/upload/v1725069642/xlvyfkn3aihmm9x1lore.png',1,'phamvanl890@gmail.com','0901234584','MALE','Phạm Văn L','012345678918','RESIDENT','1978-03-19 00:00:00',1,'2024-09-22 10:02:48',NULL,NULL),(19,'nguyenhoai234','12345','https://res.cloudinary.com/dk2d9miul/image/upload/v1725069642/xlvyfkn3aihmm9x1lore.png',1,'nguyenhoai234@gmail.com','0901234585','FEMALE','Nguyễn Hoài C','012345678919','RESIDENT','1988-06-11 00:00:00',1,'2024-09-22 10:02:48',NULL,NULL),(20,'dinhnguyen567','12345','https://res.cloudinary.com/dk2d9miul/image/upload/v1725069642/xlvyfkn3aihmm9x1lore.png',1,'dinhnguyen567@gmail.com','0901234586','MALE','Đinh Nguyễn M','012345678920','RESIDENT','1993-04-07 00:00:00',1,'2024-09-22 10:02:48',NULL,NULL),(21,'tranphuong123','12345','https://res.cloudinary.com/dk2d9miul/image/upload/v1725069642/xlvyfkn3aihmm9x1lore.png',1,'tranphuong123@gmail.com','0901234587','FEMALE','Trần Phương D','012345678921','RESIDENT','1999-11-30 00:00:00',1,'2024-09-22 10:02:48',NULL,NULL),(22,'maithin678','12345','https://res.cloudinary.com/dk2d9miul/image/upload/v1725069642/xlvyfkn3aihmm9x1lore.png',1,'maithin678@gmail.com','0901234588','FEMALE','Mai Thị N','012345678922','RESIDENT','1990-10-20 00:00:00',1,'2024-09-22 10:02:48',NULL,NULL),(23,'dovangiang789','12345','https://res.cloudinary.com/dk2d9miul/image/upload/v1725069642/xlvyfkn3aihmm9x1lore.png',1,'dovangiang789@gmail.com','0901234589','MALE','Đỗ Văn Giang','012345678923','RESIDENT','1984-12-13 00:00:00',1,'2024-09-22 10:02:48',NULL,NULL),(24,'lequynh234','12345','https://res.cloudinary.com/dk2d9miul/image/upload/v1725069642/xlvyfkn3aihmm9x1lore.png',1,'lequynh234@gmail.com','0901234590','FEMALE','Lê Quỳnh L','012345678924','RESIDENT','1986-11-16 00:00:00',1,'2024-09-22 10:02:48',NULL,NULL),(25,'doanthivut999','12345','https://res.cloudinary.com/dk2d9miul/image/upload/v1725069642/xlvyfkn3aihmm9x1lore.png',1,'doanthivut999@gmail.com','0901234590','FEMALE','Đoàn Thị Vũ T','012345678950','RESIDENT','1995-12-22 00:00:00',1,'2024-09-22 10:02:48',NULL,NULL),(26,'doanquangk234','12345','https://res.cloudinary.com/dk2d9miul/image/upload/v1725069642/xlvyfkn3aihmm9x1lore.png',1,'doanquangk234@gmail.com','0901234591','MALE','Đoàn Quang K','012345678925','RESIDENT','1992-01-25 00:00:00',1,'2024-09-22 10:02:48',NULL,NULL),(27,'dangthih789','12345','https://res.cloudinary.com/dk2d9miul/image/upload/v1725069642/xlvyfkn3aihmm9x1lore.png',1,'dangthih789@gmail.com','0901234592','FEMALE','Đặng Thị H','012345678926','RESIDENT','1989-07-03 00:00:00',1,'2024-09-22 10:02:48',NULL,NULL),(28,'nguyenthanht456','12345','https://res.cloudinary.com/dk2d9miul/image/upload/v1725069642/xlvyfkn3aihmm9x1lore.png',1,'nguyenthanht456@gmail.com','0901234593','MALE','Nguyễn Thanh T','012345678927','RESIDENT','1991-09-19 00:00:00',1,'2024-09-22 10:02:48',NULL,NULL),(29,'buitrongl678','12345','https://res.cloudinary.com/dk2d9miul/image/upload/v1725069642/xlvyfkn3aihmm9x1lore.png',1,'buitrongl678@gmail.com','0901234594','MALE','Bùi Trọng L','012345678928','RESIDENT','1987-12-27 00:00:00',1,'2024-09-22 10:02:48',NULL,NULL),(30,'ngothil456','12345','https://res.cloudinary.com/dk2d9miul/image/upload/v1725069642/xlvyfkn3aihmm9x1lore.png',1,'ngothil456@gmail.com','0901234595','FEMALE','Ngô Thị L','012345678929','RESIDENT','1996-05-09 00:00:00',1,'2024-09-22 10:02:48',NULL,NULL),(31,'phamanhb789','12345','https://res.cloudinary.com/dk2d9miul/image/upload/v1725069642/xlvyfkn3aihmm9x1lore.png',1,'phamanhb789@gmail.com','0901234596','MALE','Phạm Anh B','012345678930','RESIDENT','1988-02-18 00:00:00',1,'2024-09-22 10:02:48',NULL,NULL),(32,'doanthix678','12345','https://res.cloudinary.com/dk2d9miul/image/upload/v1725069642/xlvyfkn3aihmm9x1lore.png',1,'doanthix678@gmail.com','0901234597','FEMALE','Đoàn Thị X','012345678931','RESIDENT','1993-03-20 00:00:00',1,'2024-09-22 10:02:48',NULL,NULL),(33,'trinhquangh567','12345','https://res.cloudinary.com/dk2d9miul/image/upload/v1725069642/xlvyfkn3aihmm9x1lore.png',1,'trinhquangh567@gmail.com','0901234598','MALE','Trịnh Quang H','012345678932','RESIDENT','1982-08-28 00:00:00',1,'2024-09-22 10:02:48',NULL,NULL),(34,'phamnguyetm123','12345','https://res.cloudinary.com/dk2d9miul/image/upload/v1725069642/xlvyfkn3aihmm9x1lore.png',1,'phamnguyetm123@gmail.com','0901234599','FEMALE','Phạm Nguyệt M','012345678933','RESIDENT','1990-11-21 00:00:00',1,'2024-09-22 10:02:48',NULL,NULL),(35,'dangquyent234','12345','https://res.cloudinary.com/dk2d9miul/image/upload/v1725069642/xlvyfkn3aihmm9x1lore.png',1,'dangquyent234@gmail.com','0901234600','MALE','Đặng Quyền T','012345678934','RESIDENT','1983-01-13 00:00:00',1,'2024-09-22 10:02:48',NULL,NULL),(36,'nguyentranh789','12345','https://res.cloudinary.com/dk2d9miul/image/upload/v1725069642/xlvyfkn3aihmm9x1lore.png',1,'nguyentranh789@gmail.com','0901234601','FEMALE','Nguyễn Trân H','012345678935','RESIDENT','1994-10-11 00:00:00',1,'2024-09-22 10:02:48',NULL,NULL),(37,'trungthik567','12345','https://res.cloudinary.com/dk2d9miul/image/upload/v1725069642/xlvyfkn3aihmm9x1lore.png',1,'trungthik567@gmail.com','0901234602','FEMALE','Trưng Thị K','012345678936','RESIDENT','1999-06-16 00:00:00',1,'2024-09-22 10:02:48',NULL,NULL),(38,'hoangquangp678','12345','https://res.cloudinary.com/dk2d9miul/image/upload/v1725069642/xlvyfkn3aihmm9x1lore.png',1,'hoangquangp678@gmail.com','0901234603','MALE','Hoàng Quang P','012345678937','RESIDENT','1986-04-08 00:00:00',1,'2024-09-22 10:02:48',NULL,NULL),(39,'vuongthianh234','12345','https://res.cloudinary.com/dk2d9miul/image/upload/v1725069642/xlvyfkn3aihmm9x1lore.png',1,'vuongthianh234@gmail.com','0901234604','FEMALE','Vương Thị Ánh','012345678938','RESIDENT','1993-12-31 00:00:00',1,'2024-09-22 10:02:48',NULL,NULL),(40,'trinhquangh789','12345','https://res.cloudinary.com/dk2d9miul/image/upload/v1725069642/xlvyfkn3aihmm9x1lore.png',1,'trinhquangh789@gmail.com','0901234605','MALE','Trịnh Quang H','012345678939','RESIDENT','1995-08-06 00:00:00',1,'2024-09-22 10:02:48',NULL,NULL),(41,'lequocd567','12345','https://res.cloudinary.com/dk2d9miul/image/upload/v1725069642/xlvyfkn3aihmm9x1lore.png',1,'lequocd567@gmail.com','0901234606','MALE','Lê Quốc D','012345678940','RESIDENT','1992-03-23 00:00:00',1,'2024-09-22 10:02:48',NULL,NULL),(42,'trankiml678','12345','https://res.cloudinary.com/dk2d9miul/image/upload/v1725069642/xlvyfkn3aihmm9x1lore.png',1,'trankiml678@gmail.com','0901234607','FEMALE','Trần Kim L','012345678941','RESIDENT','1989-05-05 00:00:00',1,'2024-09-22 10:02:48',NULL,NULL),(43,'maiquangx234','12345','https://res.cloudinary.com/dk2d9miul/image/upload/v1725069642/xlvyfkn3aihmm9x1lore.png',1,'maiquangx234@gmail.com','0901234608','MALE','Mai Quang X','012345678942','RESIDENT','1997-02-14 00:00:00',1,'2024-09-22 10:02:48',NULL,NULL),(44,'danghongh567','12345','https://res.cloudinary.com/dk2d9miul/image/upload/v1725069642/xlvyfkn3aihmm9x1lore.png',1,'danghongh567@gmail.com','0901234609','FEMALE','Đặng Hồng H','012345678943','RESIDENT','1985-11-25 00:00:00',1,'2024-09-22 10:02:48',NULL,NULL),(45,'trinhquyent890','12345','https://res.cloudinary.com/dk2d9miul/image/upload/v1725069642/xlvyfkn3aihmm9x1lore.png',1,'trinhquyent890@gmail.com','0901234610','MALE','Trịnh Quyền T','012345678944','RESIDENT','1990-01-10 00:00:00',1,'2024-09-22 10:02:48',NULL,NULL),(46,'vukimanh345','12345','https://res.cloudinary.com/dk2d9miul/image/upload/v1725069642/xlvyfkn3aihmm9x1lore.png',1,'vukimanh345@gmail.com','0901234611','FEMALE','Vũ Kim Ánh','012345678945','RESIDENT','1992-07-17 00:00:00',1,'2024-09-22 10:02:48',NULL,NULL),(47,'phamminhk567','12345','https://res.cloudinary.com/dk2d9miul/image/upload/v1725069642/xlvyfkn3aihmm9x1lore.png',1,'phamminhk567@gmail.com','0901234612','MALE','Phạm Minh K','012345678946','RESIDENT','1984-10-02 00:00:00',1,'2024-09-22 10:02:48',NULL,NULL),(48,'trangnguyen234','12345','https://res.cloudinary.com/dk2d9miul/image/upload/v1725069642/xlvyfkn3aihmm9x1lore.png',1,'trangnguyen234@gmail.com','0901234613','FEMALE','Trăng Nguyễn T','012345678947','RESIDENT','1988-09-15 00:00:00',1,'2024-09-22 10:02:48',NULL,NULL),(49,'luongthik456','12345','https://res.cloudinary.com/dk2d9miul/image/upload/v1725069642/xlvyfkn3aihmm9x1lore.png',1,'luongthik456@gmail.com','0901234614','FEMALE','Lương Thị K','012345678948','RESIDENT','1994-07-24 00:00:00',1,'2024-09-22 10:02:48',NULL,NULL),(50,'lehongh789','12345','https://res.cloudinary.com/dk2d9miul/image/upload/v1725069642/xlvyfkn3aihmm9x1lore.png',1,'lehongh789@gmail.com','0901234615','MALE','Lê Hồng H','012345678949','RESIDENT','1987-12-10 00:00:00',1,'2024-09-22 10:02:48',NULL,NULL),(51,'doanthivut998','12345','https://res.cloudinary.com/dk2d9miul/image/upload/v1725069642/xlvyfkn3aihmm9x1lore.png',1,'doanthivut998@gmail.com','0901234616','FEMALE','Đoàn Thị Thanh','012345678951','RESIDENT','1997-12-22 00:00:00',1,'2024-09-22 10:02:48',NULL,NULL);
/*!40000 ALTER TABLE `users` ENABLE KEYS */;
UNLOCK TABLES;
SET @@SESSION.SQL_LOG_BIN = @MYSQLDUMP_TEMP_LOG_BIN;
/*!40103 SET TIME_ZONE=@OLD_TIME_ZONE */;

/*!40101 SET SQL_MODE=@OLD_SQL_MODE */;
/*!40014 SET FOREIGN_KEY_CHECKS=@OLD_FOREIGN_KEY_CHECKS */;
/*!40014 SET UNIQUE_CHECKS=@OLD_UNIQUE_CHECKS */;
/*!40101 SET CHARACTER_SET_CLIENT=@OLD_CHARACTER_SET_CLIENT */;
/*!40101 SET CHARACTER_SET_RESULTS=@OLD_CHARACTER_SET_RESULTS */;
/*!40101 SET COLLATION_CONNECTION=@OLD_COLLATION_CONNECTION */;
/*!40111 SET SQL_NOTES=@OLD_SQL_NOTES */;

-- Dump completed on 2024-09-24  0:44:11
